[
  {
    "userId": "1277536874818175062",
    "username": "6_dp",
    "login": "2025-11-19T14:13:49.029Z",
    "logout": "2025-11-19T14:13:55.765Z"
  },
  {
    "userId": "895998773468229673",
    "username": "mohammed15013",
    "login": "2025-11-19T14:15:12.470Z",
    "logout": "2025-11-19T14:15:19.903Z"
  },
  {
    "userId": "1239638204903198781",
    "username": "7_ita",
    "login": "2025-11-19T14:15:32.443Z",
    "logout": "2025-11-19T14:22:35.641Z"
  },
  {
    "userId": "895998773468229673",
    "username": "mohammed15013",
    "login": "2025-11-19T14:16:03.670Z",
    "logout": "2025-11-19T14:18:56.644Z"
  },
  {
    "userId": "899694066269290527",
    "username": "hmualawi0851",
    "login": "2025-11-19T14:18:37.285Z",
    "logout": "2025-11-19T14:18:41.995Z"
  },
  {
    "userId": "895998773468229673",
    "username": "mohammed15013",
    "login": "2025-11-19T14:18:59.766Z",
    "logout": "2025-11-19T14:19:02.916Z"
  },
  {
    "userId": "895998773468229673",
    "username": "mohammed15013",
    "login": "2025-11-19T14:19:04.846Z",
    "logout": "2025-11-19T14:26:49.838Z"
  },
  {
    "userId": "1277536874818175062",
    "username": "6_dp",
    "login": "2025-11-19T14:22:29.877Z",
    "logout": null
  },
  {
    "userId": "1239638204903198781",
    "username": "7_ita",
    "login": "2025-11-19T14:25:49.524Z",
    "logout": "2025-11-19T14:26:55.344Z"
  },
  {
    "userId": "895998773468229673",
    "username": "mohammed15013",
    "login": "2025-11-19T14:26:56.599Z",
    "logout": "2025-11-19T14:26:59.560Z"
  },
  {
    "userId": "895998773468229673",
    "username": "mohammed15013",
    "login": "2025-11-19T14:27:04.066Z",
    "logout": "2025-11-19T14:27:06.450Z"
  },
  {
    "userId": "1239638204903198781",
    "username": "7_ita",
    "login": "2025-11-19T14:29:04.982Z",
    "logout": "2025-11-19T14:48:48.603Z"
  },
  {
    "userId": "895998773468229673",
    "username": "mohammed15013",
    "login": "2025-11-19T14:36:34.577Z",
    "logout": "2025-11-19T14:36:43.604Z"
  },
  {
    "userId": "895998773468229673",
    "username": "mohammed15013",
    "login": "2025-11-19T14:36:46.458Z",
    "logout": null
  },
  {
    "userId": "1239638204903198781",
    "username": "7_ita",
    "login": "2025-11-19T14:49:00.858Z",
    "logout": null
  }
]